{"v1": {"top2_angle": [0.0, 8.017740741634727, 0.01866437884248784, 8.072158419016422, 0.05768864692972091, 8.152904988188494, 0.0900901521766232, 36.881157221238354, 47.404232677163364, 36.881157221238354, 47.404232677163364, 36.881157221238354, 47.404232677163364, 36.881157221238354, 40.04861707476912, 36.881157221238354, 47.404232677163364, 36.881157221238354, 47.404232677163364, 36.881157221238354, 21.039469781317234, 54.55439446068086, 3.9662565523747615, 36.881157221238084, 4.17252080325365, 44.58541640770403, 4.3652452540808895, 44.58541640770403, 4.5999800989755295, 16.267275508934965, 4.853418611559011, 16.559494994599547, 4.853418611558861, 16.861292832913968, 5.215260018233629, 17.031092260138394, 5.679330127644594, 80.92434942258384, 6.293935920245019, 80.92434942258383, 7.162501346076318, 80.92434942258383, 8.525678034254398, 80.92434942258382, 11.13547959388794, 80.92434942258382, 80.9243494225838, 17.147377571659703, 25.230256374907164], "chosen_vs_goal": [0.5271106196715669, 1.5589734595074638, 0.7719091955573001, 1.6088290697211824, 0.7744531419520123, 2.6554049333878256, 0.8344023923037113, 6.06562123351851, 10.031204781925936, 5.334500232472202, 9.034516066425738, 5.459237293056283, 9.43150166259643, 6.123154382172581, 19.874844771347526, 6.370056742282347, 12.131017129850601, 6.513234094885897, 13.49401051807019, 6.662673953621522, 4.349431124712603, 29.408022812905344, 2.4099265135448857, 156.51398961958722, 2.1580803981068315, 41.45530585397233, 2.2884877076784718, 44.55927416905388, 2.236811374425593, 2.69092234414879, 0.0, 3.0906307503510053, 2.3958674373375066, 1.6938627488774507, 2.609678678808356, 1.1342589538144527, 2.8431447364120315, 0.0, 3.1520876467433543, 0.0, 3.5894881017392803, 0.0, 4.278233173020108, 0.0, 5.606234463452376, 0.0, 0.0, 8.187611141227155, 0.9899468226459077], "top1_vs_goal": [0.0, 0.0, 0.01866437884248784, 0.0, 0.05768864692972091, 0.0, 0.0900901521766232, 8.264511614899263, 21.159396762381952, 8.526609674214535, 21.562378681641114, 8.765492662103483, 21.938787140572234, 9.02120419526472, 22.351643607710027, 9.324305676272878, 23.3077900499424, 9.655761705532434, 23.855534616144556, 10.011714130773123, 3.6463312992378194, 30.359920173156404, 0.0, 156.51398961958722, 0.0, 44.68719268223773, 0.0, 47.05921468697255, 0.0, 8.537736462515939e-07, 0.0, 0.0, 0.0, 8.537736462515939e-07, 5.215260018233629, 0.0, 5.679330127644594, 0.0, 6.2939359202449605, 0.0, 7.1625013460762155, 0.0, 8.52567803425444, 0.0, 11.135479593887906, 0.0, 0.0, 8.537736462515939e-07, 25.230256374907178]}, "wave": {"top2_angle": [0.0, 36.881157221238354, 0.01866437884248784, 36.881157221238354, 0.05768864692972091, 36.881157221238354, 0.1064008082057267, 36.881157221238354, 0.1412988288397528, 36.881157221238354, 0.19771097518197453, 36.881157221238354, 47.404232677163364, 36.881157221238354, 40.04861707476912, 36.881157221238354, 47.404232677163364, 37.56522288264913, 47.404232677163364, 38.485435741019366, 47.404232677163364, 37.56522288264913, 47.404232677163364, 29.926434866614244, 36.881157221238084, 15.222093942039956, 82.33774433923395, 15.858746164784197], "chosen_vs_goal": [0.5271106196715669, 4.330341020022727, 0.7719091955573001, 5.007940850350902, 1.2427505344293563, 6.370680829030279, 0.8444709077620841, 6.389669626829008, 1.2402558518827096, 5.338508868638288, 0.8159539251817671, 5.31901816465364, 9.926169711278739, 7.970675444195011, 19.242333520642106, 6.565884404193743, 11.198731735542934, 8.394142544979609, 12.994570179118245, 10.755927419004312, 11.194981346834048, 9.904906097581236, 13.068486997890554, 101.63535212429848, 90.03063076044232, 3.168442054821073, 122.14280887295251, 2.5529815463148484], "top1_vs_goal": [0.0, 8.017740741634727, 0.01866437884248784, 8.166284896302573, 0.05768864692972091, 8.412637554403744, 0.1064008081988759, 8.676859449376897, 0.1412988288397528, 8.95300062385855, 0.19771097518197453, 9.191650709062499, 21.27159171942128, 9.439853434406098, 21.713519819171406, 9.828508245106692, 22.640621665968425, 10.167379053576036, 23.133491636579155, 10.622508658569409, 23.884073114630414, 11.428680101774356, 24.50328024438837, 83.21506355151905, 77.73095280907378, 0.0, 98.49584057128861, 0.0]}}