{"v1": {"entropy": [0.9430392869937272, 0.8724584840844405, 1.0030443859367002, 0.8142582291523985, 1.0195592991967417, 0.8528828372924439, 1.0783076213020268, 0.4168656973657633, 0.9377143395680537, 0.5249509326545299, 1.0250462157240698, 0.5380048247345476, 1.034604028330974, 0.4823064187881484, 0.6426165141832683, 0.48828284675261224, 0.71244814458809, 0.5216972450696185, 0.840826521499155, 0.5432305190904259, 0.6053946027857958, 0.23802965369078666, 0.834386104506865, -1.000088900581841e-12, 0.953060376244015, 0.8111516286709383, 0.9032530079282061, 0.7146616855384189, 0.9075422205463883, 0.8999343404022786, -1.000088900581841e-12, 0.8858989765353336, 0.6930665113076274, 0.7466682390078083, 0.6931468723654951, 0.643421527198622, 0.6931464310071844, -1.000088900581841e-12, 0.6931458598759479, -1.000088900581841e-12, 0.6931445420882335, -1.000088900581841e-12, 0.6931406840479208, -1.000088900581841e-12, 0.6931234298395811, -1.000088900581841e-12, -1.000088900581841e-12, 0.6921480447622252, 1.6072128311276148], "spread": [104.09498111171072, 119.4366673484518, 89.15655405133802, 107.18042735208006, 94.33343239396888, 98.91592002347355, 99.46622318672459, 102.71201777347204, 96.76537977279874, 108.735149092525, 100.92812637632237, 115.33764152138043, 106.27076380237905, 125.11984437425204, 117.79137616715919, 134.0493993010828, 130.56504306991482, 151.35490850163384, 136.5031671098907, 163.74500523274668, 174.23893213735678, 173.37172735345112, 208.80345902084807, 137.60713168096106, 226.69309159233975, 111.15159646546779, 279.5680400683934, 127.82487452453125, 335.52527682602255, 236.08484931159012, 1.0021160386860921, 283.1195265878383, 1.0021145533923963, 371.73159952590726, 1.0021127678657706, 479.2601533021942, 1.0021115146290722, 1.0021133077793312, 1.002109753537822, 1.0021120609963012, 1.0021084663144215, 1.002010888855144, 1.0020066962589613, 1.0020090032817317, 1.00200544503173, 1.0020071425250416, 1.0020060109842022, 1.0020044563299773, 1.002003687518917], "effective_n": [2.263857856382077, 2.0084523091351163, 2.3646789689085885, 1.8982649988146927, 2.380110573615665, 2.097765974927243, 2.4957456897458115, 1.2222301621802347, 2.0228860645855162, 1.3238919098453366, 2.220738718772799, 1.3321461987400667, 2.2335880659265808, 1.279935027676569, 1.4703826141406813, 1.2824637807875472, 1.7602290594265197, 1.3132638316253107, 2.0415465691150505, 1.3363052907314383, 1.4050850869103972, 1.1141861257377932, 2.1010585278721607, 1.0, 2.2310026990034943, 1.9718465811430361, 2.161256757127324, 1.8946176363443608, 2.158243562222545, 1.9272901148598152, 1.0, 1.9244363462352654, 1.9996773837245518, 1.5992300066757148, 1.9999987672310855, 1.4404905052613097, 1.9999970018022002, 1.0, 1.9999947172882895, 1.0, 1.999989446186127, 1.0, 1.999974014353806, 1.0, 1.9999050023911615, 1.0, 1.0, 1.9960127529728628, 4.977860889988395], "n_replan": 49}, "wave": {"entropy": [0.9430392869937272, 0.5846818722198446, 1.0030443859367002, 0.522591927151244, 0.940039712388253, 0.3878523637087603, 1.0789421712106555, 0.4156912597348663, 1.1076313297334694, 0.5571880109087213, 1.0003379767223297, 0.5848359843431705, 0.9916030603985536, 0.30148447489342706, 0.6682397429588242, 0.5245284870691015, 0.7145329977492035, 0.31425223302481653, 0.8595289047537715, 0.04005774229894237, 0.7694742585857792, 0.26547285599223475, 0.6654071760256964, 1.517898836613338, 0.9851327154279259, 0.8891984039066674, 1.1176189466457898, 0.963160185315956], "spread": [104.09498111171072, 115.7765438063918, 89.15655405133802, 103.1601688264592, 94.33343239396888, 97.19185015986197, 99.45682991827731, 102.47004074681628, 105.18706595741214, 108.35273333565974, 114.78196397740629, 114.80156613897068, 108.07337705919973, 124.53387535247944, 114.41937260830429, 139.91921710109224, 126.1012851088392, 150.50694343695454, 133.62829075065454, 162.6788254934995, 147.00274195949723, 196.41378178067274, 219.4576378578205, 109.22966791152669, 153.11425819482363, 201.85523890813275, 117.26333922497346, 465.5768702335557], "effective_n": [2.263857856382077, 1.380603226159192, 2.3646789689085885, 1.3169461979301675, 2.2876120599023944, 1.1987140613964906, 2.497097060162619, 1.219113727555342, 2.576265969372275, 1.3600447903169794, 2.356043399071274, 1.3855691933468905, 2.108203690073441, 1.1594289753612348, 1.515684794134083, 1.3196377513432873, 1.7874670200637373, 1.1649747870120764, 1.9282032171115866, 1.0123971397550167, 1.9299365113430438, 1.1483361155063017, 1.851959798576267, 3.558163433155393, 1.8094616002061448, 2.0003390797093803, 2.448712165407146, 2.0981401069688803], "n_replan": 28}}