{"v1": {"top2_angle": [0.0, 8.017740741634727, 0.01866437884248784, 8.072158419016422, 0.05768864692972091, 8.152904988188494, 0.0900901521766232, 36.881157221238354, 47.404232677163364, 36.881157221238354, 47.404232677163364, 36.881157221238354, 47.404232677163364, 36.881157221238354, 40.04861707476912, 36.881157221238354, 47.404232677163364, 36.881157221238354, 47.404232677163364, 36.881157221238354, 21.039469781317234, 54.55439446068086, 3.9662565523747615, 36.881157221238084, 4.17252080325365, 44.58541640770403, 4.3652452540808895, 44.58541640770403, 4.5999800989755295, 16.267275508934965, 4.853418611559011, 16.559494994599547, 4.853418611558861, 16.861292832913968, 5.215260018233629, 17.031092260138394, 5.679330127644594, 80.92434942258384, 6.293935920245019, 80.92434942258383, 7.162501346076318, 80.92434942258383, 8.525678034254398, 80.92434942258382, 11.13547959388794, 80.92434942258382, 80.9243494225838, 17.147377571659703, 25.230256374907164], "chosen_vs_goal": [0.5271106196715669, 1.5589734595074638, 0.7719091955573001, 1.6088290697211824, 0.7744531419520123, 2.6554049333878256, 0.8344023923037113, 6.06562123351851, 10.031204781925936, 5.334500232472202, 9.034516066425738, 5.459237293056283, 9.43150166259643, 6.123154382172581, 19.874844771347526, 6.370056742282347, 12.131017129850601, 6.513234094885897, 13.49401051807019, 6.662673953621522, 4.349431124712603, 29.408022812905344, 2.4099265135448857, 156.51398961958722, 2.1580803981068315, 41.45530585397233, 2.2884877076784718, 44.55927416905388, 2.236811374425593, 2.69092234414879, 0.0, 3.0906307503510053, 2.3958674373375066, 1.6938627488774507, 2.609678678808356, 1.1342589538144527, 2.8431447364120315, 0.0, 3.1520876467433543, 0.0, 3.5894881017392803, 0.0, 4.278233173020108, 0.0, 5.606234463452376, 0.0, 0.0, 8.187611141227155, 0.9899468226459077], "top1_vs_goal": [0.0, 0.0, 0.01866437884248784, 0.0, 0.05768864692972091, 0.0, 0.0900901521766232, 8.264511614899263, 21.159396762381952, 8.526609674214535, 21.562378681641114, 8.765492662103483, 21.938787140572234, 9.02120419526472, 22.351643607710027, 9.324305676272878, 23.3077900499424, 9.655761705532434, 23.855534616144556, 10.011714130773123, 3.6463312992378194, 30.359920173156404, 0.0, 156.51398961958722, 0.0, 44.68719268223773, 0.0, 47.05921468697255, 0.0, 8.537736462515939e-07, 0.0, 0.0, 0.0, 8.537736462515939e-07, 5.215260018233629, 0.0, 5.679330127644594, 0.0, 6.2939359202449605, 0.0, 7.1625013460762155, 0.0, 8.52567803425444, 0.0, 11.135479593887906, 0.0, 0.0, 8.537736462515939e-07, 25.230256374907178]}, "wave": {"top2_angle": [0.0, 36.881157221238354, 0.01866437884248784, 36.881157221238354, 0.05768864692972091, 36.881157221238354, 0.1064008082057267, 36.881157221238354, 0.1412988288397528, 36.881157221238354, 0.19771097518197453, 36.881157221238354, 47.404232677163364, 36.881157221238354, 40.04861707476912, 36.881157221238354, 47.404232677163364, 37.56522288264913, 47.404232677163364, 38.485435741019366, 47.404232677163364, 37.56522288264913, 47.404232677163364, 29.926434866614244, 36.881157221238084, 15.222093942039956, 82.33774433923395, 15.858746164784197], "chosen_vs_goal": [0.5271106196715669, 4.330341020022727, 0.7719091955573001, 5.007940850350902, 1.2427505344293563, 6.370680829030279, 0.8444709077620841, 6.389669626829008, 1.2402558518827096, 5.338508868638288, 0.8159539251817671, 5.31901816465364, 9.926169711278739, 7.970675444195011, 19.242333520642106, 6.565884404193743, 11.198731735542934, 8.394142544979609, 12.994570179118245, 10.755927419004312, 11.194981346834048, 9.904906097581236, 13.068486997890554, 101.63535212429848, 90.03063076044232, 3.168442054821073, 122.14280887295251, 2.5529815463148484], "top1_vs_goal": [0.0, 8.017740741634727, 0.01866437884248784, 8.166284896302573, 0.05768864692972091, 8.412637554403744, 0.1064008081988759, 8.676859449376897, 0.1412988288397528, 8.95300062385855, 0.19771097518197453, 9.191650709062499, 21.27159171942128, 9.439853434406098, 21.713519819171406, 9.828508245106692, 22.640621665968425, 10.167379053576036, 23.133491636579155, 10.622508658569409, 23.884073114630414, 11.428680101774356, 24.50328024438837, 83.21506355151905, 77.73095280907378, 0.0, 98.49584057128861, 0.0]}, "4way": {"top2_angle": [14.543953738635016, 8.017740741634634, 0.0, 33.59676046025778, 36.881157221238105, 36.881157221238304, 33.59676046025793, 33.59676046025778, 15.156618621237829, 8.611467331744077, 1.353226624396518, 47.40423267716326, 15.22463999295112, 36.881157221238304, 33.59676046025793, 47.40423267716326, 15.328224852861808, 9.24268664770091, 2.689821799480046, 33.59676046025778, 15.382653122692325, 9.431819744140187, 2.773153321205789, 33.59676046025778, 15.459955541526474, 9.574367261040432, 2.8637097105471656, 33.59676046025778, 15.584377082410102, 55.92308816679128, 2.9637815016901636, 8.095805689168115, 15.666378242722026, 10.533230862640453, 3.100046430331612, 8.272723897341555, 15.866267820749187, 10.806125522411879, 3.2596064079869826, 8.54162569959114, 16.051022143501793, 11.048403798617306, 3.4732967645090613, 8.833848933352545, 90.59582906080206, 86.95819906025383, 3.7188663073077266, 170.79293147399804, 90.59582906080207, 86.95819906025386, 3.9904937720422007, 170.79293147399804, 90.59582906080209, 86.95819906025388, 4.33120082128302, 170.79293147399804, 90.59582906080212, 86.95819906025393, 4.777024366612435, 170.79293147399798, 90.59582906080213, 11.265103779698148, 5.395957266929308, 9.207068526002013, 90.59582906080219, 13.19697587607282, 6.338905613419306, 10.559062359673119, 16.170728030256026, 16.850448168323503, 8.038725771053084, 12.858334988114006, 17.381359531373548, 26.97197957319212, 12.649543522977716, 17.77186059391417], "chosen_vs_goal": [0.910748997312757, 2.0901404388829756, 0.6015425071352581, 20.967493237120696, 9.553135456536635, 7.784133592623058, 20.97445219413212, 21.880554945720412, 1.2880173499688337, 3.040070719907939, 1.2625348856231025, 13.09660382741809, 1.830163930635783, 8.089822408441613, 22.593588636587157, 12.23394207564806, 1.0069671513771734, 3.085062707437308, 1.35973303580603, 24.14609268667923, 1.2023503448313961, 2.1693670602860484, 1.3871148046232222, 25.17650737940619, 1.8455194394985701, 3.1608954384865817, 1.4327977773461582, 27.46048589061173, 1.13553976516131, 9.774752736052575, 1.8170474366408498, 2.52996460459392, 2.477400815430515, 3.3625962341312725, 1.9689792420891392, 3.489980663441793, 1.642664762616197, 2.158421624653403, 1.8946143497795358, 2.718629600514033, 0.94416956449276, 1.6982202029942146, 1.9314132323763022, 3.1094253793104096, 0.0, 0.0, 1.8635513612060473, 0.0, 0.0, 0.0, 1.9971958153491445, 0.0, 0.0, 0.0, 2.168205053378675, 0.0, 0.0, 0.0, 2.3922721168315313, 0.0, 0.0, 5.4108216107707, 2.703877519542949, 4.455473983591784, 0.0, 6.632751834320412, 3.180014260286632, 5.29898081188348, 5.236518366501079, 8.534691007254828, 4.043507874378081, 6.48162648580023, 4.677795309709543, 8.416802932746121, 4.715251107514644, 5.5958490948305695], "top1_vs_goal": [0.0, 0.0, 0.0, 21.039469781317234, 14.580987400108851, 8.106833763851789, 21.065248068108705, 21.914295304507537, 0.0, 0.0, 1.353226624396518, 23.294616553169387, 0.0, 8.778030294583585, 22.461567935816877, 23.876628266506895, 0.0, 0.0, 2.689821799480046, 24.372630039524857, 0.0, 0.0, 2.773153321205789, 25.77838959161731, 0.0, 0.0, 2.8637097105471656, 27.31389659565748, 0.0, 9.796454028852647, 2.9637815016901636, 0.0, 0.0, 0.0, 3.100046430331612, 0.0, 0.0, 0.0, 3.2596064079869826, 0.0, 0.0, 0.0, 3.4732967645090613, 0.0, 0.0, 0.0, 3.7188663073077266, 0.0, 0.0, 0.0, 3.9904937720422007, 0.0, 0.0, 0.0, 4.33120082128302, 0.0, 0.0, 0.0, 4.777024366612435, 0.0, 0.0, 0.0, 5.395957266929308, 0.0, 0.0, 13.19697587607282, 6.338905613419306, 10.559062359673119, 0.0, 16.850448168323503, 8.038725771053084, 12.858334988114006, 0.0, 26.97197957319212, 12.649543522977716, 17.77186059391417]}}