{
  "source": {
    "config": "results/_race_simple_temperature_counterfactual/p19p8_y5p5_34p5/t0p1/config.yaml",
    "gif": "docs/images/compare_race_temperature_avoid.gif"
  },
  "focus": {
    "episode": 0,
    "drone": 3,
    "obstacle": 0,
    "window_s": [
      26.0,
      31.6
    ],
    "snapshot_t": 29.3,
    "obstacle_xy_start": [
      20.0,
      35.5
    ],
    "obstacle_xy_end": [
      20.0,
      27.099999999999994
    ],
    "obstacle_travel_m": 8.400000000000006
  },
  "arms": [
    {
      "label": "vanilla-t1.0",
      "run_dir": "results/_race_simple_temperature_counterfactual/p19p8_y5p5_34p5/t1",
      "episode": 0,
      "drone": 3,
      "outcome": "collision",
      "first_collision_t": 29.25000000000028,
      "window_min_clearance": {
        "t": 29.25000000000028,
        "clearance_m": 0.0330090936316747,
        "collision_flag": true
      },
      "snapshot": {
        "t": 29.25000000000028,
        "drone_xy": [
          20.668253081889006,
          31.89265029398851
        ],
        "reference_xy": [
          22.27703741237115,
          31.877857302571346
        ],
        "obstacle_xy": [
          20.0,
          30.62499999999958
        ],
        "clearance_m": 0.0330090936316747,
        "reference_error_m": 1.6088571930804338,
        "collision_flag": true
      }
    },
    {
      "label": "low-temp-t0.1",
      "run_dir": "results/_race_simple_temperature_counterfactual/p19p8_y5p5_34p5/t0p1",
      "episode": 0,
      "drone": 3,
      "outcome": "success",
      "first_collision_t": null,
      "window_min_clearance": {
        "t": 29.550000000000285,
        "clearance_m": 0.45491959496830403,
        "collision_flag": false
      },
      "snapshot": {
        "t": 29.30000000000028,
        "drone_xy": [
          20.397037519686975,
          32.63578956002236
        ],
        "reference_xy": [
          22.02547925717858,
          31.90345775396968
        ],
        "obstacle_xy": [
          20.0,
          30.549999999999578
        ],
        "clearance_m": 0.8254173707765959,
        "reference_error_m": 1.9059008263747783,
        "collision_flag": false
      }
    }
  ],
  "comparison": {
    "low_temp_window_clearance_gain_m": 0.42191050133662933,
    "low_temp_snapshot_clearance_gain_m": 0.7924082771449212,
    "vanilla_contacts_but_low_temp_does_not": true
  }
}
