{
  "source": {
    "config": "results/_race_simple_causal_probe/p19p8_y5p0_35p0/t0p1/config.yaml",
    "gif": "docs/images/compare_race_temperature_avoid.gif"
  },
  "focus": {
    "episode": 0,
    "drone": 3,
    "obstacle": 0,
    "window_s": [
      26.0,
      31.6
    ],
    "snapshot_t": 29.3,
    "obstacle_xy_start": [
      20.0,
      36.0
    ],
    "obstacle_xy_end": [
      20.0,
      27.599999999999994
    ],
    "obstacle_travel_m": 8.400000000000006
  },
  "arms": [
    {
      "label": "vanilla-t1.0",
      "run_dir": "results/_race_simple_causal_probe/p19p8_y5p0_35p0/t1",
      "episode": 0,
      "drone": 3,
      "outcome": "collision",
      "first_collision_t": 29.15000000000028,
      "window_min_clearance": {
        "t": 29.15000000000028,
        "clearance_m": 0.01046686521737783,
        "collision_flag": true
      },
      "snapshot": {
        "t": 29.15000000000028,
        "drone_xy": [
          21.182385676951263,
          32.04399783579759
        ],
        "reference_xy": [
          22.778370842669492,
          31.817693036146682
        ],
        "obstacle_xy": [
          20.0,
          31.27499999999958
        ],
        "clearance_m": 0.01046686521737783,
        "reference_error_m": 1.6119571113687534,
        "collision_flag": true
      }
    },
    {
      "label": "low-temp-t0.1",
      "run_dir": "results/_race_simple_causal_probe/p19p8_y5p0_35p0/t0p1",
      "episode": 0,
      "drone": 3,
      "outcome": "success",
      "first_collision_t": null,
      "window_min_clearance": {
        "t": 29.20000000000028,
        "clearance_m": 0.0979626184548672,
        "collision_flag": false
      },
      "snapshot": {
        "t": 29.30000000000028,
        "drone_xy": [
          20.397037519686975,
          32.63578956002236
        ],
        "reference_xy": [
          22.02547925717858,
          31.90345775396968
        ],
        "obstacle_xy": [
          20.0,
          31.049999999999578
        ],
        "clearance_m": 0.36541579072224084,
        "reference_error_m": 1.9059008263747783,
        "collision_flag": false
      }
    }
  ],
  "comparison": {
    "low_temp_window_clearance_gain_m": 0.08749575323748937,
    "low_temp_snapshot_clearance_gain_m": 0.354948925504863,
    "vanilla_contacts_but_low_temp_does_not": true
  }
}
